trade_id,symbol,asset_class,counterparty,quantity,price,notional,trade_date,settlement_date
TRD-00001,TSLA,Equity,CITI,5000,245.0304,1225152.0,2026-08-08,2026-08-10
TRD-00002,MSFT,Equity,UBS,100,415.2255,41522.55,2026-08-24,2026-08-26
TRD-00003,GS-CDS-5Y,Derivative,JPMORGAN,1000,100.4131,100413.1,2026-08-01,2026-08-03
TRD-00004,AAPL,Equity,DEUTSCHE BANK,2500,187.3673,468418.25,2026-08-01,2026-08-03
TRD-00005,GS-CDS-5Y,Derivative,UBS,5000,100.8701,504350.5,2026-08-18,2026-08-20
TRD-00006,EURUSD,FX,CITI,2500,1.0729,2682.25,2026-08-26,2026-08-28
TRD-00007,XAUUSD,Commodity,UBS,250,2333.0187,583254.68,2026-08-14,2026-08-16
TRD-00008,US10Y,Bond,CITI,250,97.8726,24468.15,2026-08-04,2026-08-06
TRD-00009,AAPL,Equity,CITI,500,188.5898,94294.9,2026-08-20,2026-08-22
TRD-00010,US10Y,Bond,BARCLAYS,5000,99.9632,499816.0,2026-08-18,2026-08-20
TRD-00011,AAPL,Equity,JPMORGAN,1000,193.0862,193086.2,2026-08-18,2026-08-20
TRD-00012,US10Y,Bond,CITI,2500,100.0511,250127.75,2026-08-19,2026-08-21
TRD-00013,MSFT,Equity,UBS,100,424.7474,42474.74,2026-08-08,2026-08-10
TRD-00014,XAUUSD,Commodity,MORGAN STANLEY,100,2359.9497,235994.97,2026-08-28,2026-08-30
TRD-00015,AAPL,Equity,UBS,1000,188.5914,188591.4,2026-08-27,2026-08-29
TRD-00016,US10Y,Bond,MORGAN STANLEY,500,97.4175,48708.75,2026-08-22,2026-08-24
TRD-00017,US10Y,Bond,UBS,5000,99.5472,497736.0,2026-08-03,2026-08-05
TRD-00018,GS-CDS-5Y,Derivative,UBS,2500,102.6513,256628.25,2026-08-08,2026-08-10
TRD-00019,MSFT,Equity,UBS,500,420.664,210332.0,2026-08-23,2026-08-25
TRD-00020,GS-CDS-5Y,Derivative,JPMORGAN,500,100.9549,50477.45,2026-08-08,2026-08-10
TRD-00021,XAUUSD,Commodity,BARCLAYS,500,2335.4559,1167727.95,2026-08-09,2026-08-11
TRD-00022,AAPL,Equity,UBS,2500,187.3092,468273.0,2026-08-11,2026-08-13
TRD-00023,MSFT,Equity,UBS,1000,423.9195,423919.5,2026-08-15,2026-08-17
TRD-00024,MSFT,Equity,UBS,250,417.3378,104334.45,2026-08-18,2026-08-20
TRD-00025,GS-CDS-5Y,Derivative,BARCLAYS,2500,101.131,252827.5,2026-08-29,2026-08-31
TRD-00026,GS-CDS-5Y,Derivative,MORGAN STANLEY,250,101.6892,25422.3,2026-08-17,2026-08-19
TRD-00027,EURUSD,FX,JPMORGAN,100,1.0672,106.72,2026-08-05,2026-08-07
TRD-00028,TSLA,Equity,BARCLAYS,5000,245.5148,1227574.0,2026-08-20,2026-08-22
TRD-00029,AAPL,Equity,BARCLAYS,2500,188.6265,471566.25,2026-08-17,2026-08-19
TRD-00030,US10Y,Bond,UBS,100,100.6108,10061.08,2026-08-24,2026-08-26
TRD-00031,AAPL,Equity,CITI,2500,190.8774,477193.5,2026-08-25,2026-08-27
TRD-00032,TSLA,Equity,BARCLAYS,500,247.3088,123654.4,2026-08-06,2026-08-08
TRD-00033,EURUSD,FX,UBS,5000,1.0634,5317.0,2026-08-09,2026-08-11
TRD-00034,GS-CDS-5Y,Derivative,JPMORGAN,2500,103.1699,257924.75,2026-08-28,2026-08-30
TRD-00035,TSLA,Equity,DEUTSCHE BANK,5000,246.8933,1234466.5,2026-08-20,2026-08-22
TRD-00036,MSFT,Equity,DEUTSCHE BANK,250,415.4496,103862.4,2026-08-31,2026-09-02
TRD-00037,XAUUSD,Commodity,DEUTSCHE BANK,100,2420.2157,242021.57,2026-08-11,2026-08-13
TRD-00038,EURUSD,FX,CITI,500,1.0641,532.05,2026-08-08,2026-08-10
TRD-00039,AAPL,Equity,JPMORGAN,2500,187.5358,468839.5,2026-08-03,2026-08-05
TRD-00040,TSLA,Equity,DEUTSCHE BANK,100,248.7605,24876.05,2026-08-25,2026-08-27
TRD-00041,MSFT,Equity,DEUTSCHE BANK,1000,415.0377,415037.7,2026-08-06,2026-08-08
TRD-00042,US10Y,Bond,BARCLAYS,2500,98.8593,247148.25,2026-08-31,2026-09-02
TRD-00043,MSFT,Equity,UBS,5000,428.5281,2142640.5,2026-08-07,2026-08-09
TRD-00044,TSLA,Equity,UBS,5000,247.0254,1235127.0,2026-08-12,2026-08-14
TRD-00045,EURUSD,FX,JPMORGAN,1000,1.1023,1102.3,2026-08-08,2026-08-10
TRD-00046,MSFT,Equity,DEUTSCHE BANK,100,413.953,41395.3,2026-08-18,2026-08-20
TRD-00047,MSFT,Equity,JPMORGAN,100,422.7904,42279.04,2026-08-23,2026-08-25
TRD-00048,TSLA,Equity,JPMORGAN,100,244.5081,24450.81,2026-08-28,2026-08-30
TRD-00049,US10Y,Bond,CITI,250,97.0549,24263.73,2026-08-22,2026-08-24
TRD-00050,EURUSD,FX,UBS,250,1.0726,268.15,2026-08-30,2026-09-01
TRD-00051,GS-CDS-5Y,Derivative,BARCLAYS,250,102.4112,25602.8,2026-08-26,2026-08-28
TRD-00052,EURUSD,FX,UBS,100,1.0716,107.16,2026-08-14,2026-08-16
TRD-00053,US10Y,Bond,UBS,1000,98.4481,98448.1,2026-08-02,2026-08-04
TRD-00054,TSLA,Equity,JPMORGAN,5000,250.4278,1252139.0,2026-08-02,2026-08-04
TRD-00055,EURUSD,FX,MORGAN STANLEY,100,1.0949,109.49,2026-08-07,2026-08-09
TRD-00056,MSFT,Equity,BARCLAYS,250,421.9115,105477.88,2026-08-06,2026-08-08
TRD-00057,US10Y,Bond,BARCLAYS,100,98.6024,9860.24,2026-08-26,2026-08-28
TRD-00058,XAUUSD,Commodity,JPMORGAN,100,2413.888,241388.8,2026-08-21,2026-08-23
TRD-00059,GS-CDS-5Y,Derivative,MORGAN STANLEY,100,103.4723,10347.23,2026-08-06,2026-08-08
TRD-00060,EURUSD,FX,BARCLAYS,250,1.0844,271.1,2026-08-29,2026-08-31
TRD-00061,AAPL,Equity,BARCLAYS,100,186.9579,18695.79,2026-08-09,2026-08-11
TRD-00062,XAUUSD,Commodity,BARCLAYS,500,2407.1443,1203572.15,2026-08-23,2026-08-25
TRD-00063,TSLA,Equity,UBS,2500,253.8324,634581.0,2026-08-23,2026-08-25
TRD-00064,EURUSD,FX,MORGAN STANLEY,500,1.07,535.0,2026-08-31,2026-09-02
TRD-00065,AAPL,Equity,JPMORGAN,2500,190.1002,475250.5,2026-08-24,2026-08-26
TRD-00066,US10Y,Bond,BARCLAYS,2500,97.0008,242502.0,2026-08-17,2026-08-19
TRD-00067,XAUUSD,Commodity,DEUTSCHE BANK,100,2382.9632,238296.32,2026-08-03,2026-08-05
TRD-00068,XAUUSD,Commodity,JPMORGAN,2500,2350.0905,5875226.25,2026-08-22,2026-08-24
TRD-00069,XAUUSD,Commodity,DEUTSCHE BANK,100,2354.7914,235479.14,2026-08-08,2026-08-10
TRD-00070,GS-CDS-5Y,Derivative,JPMORGAN,2500,102.486,256215.0,2026-08-14,2026-08-16
TRD-00071,TSLA,Equity,CITI,2500,249.733,624332.5,2026-08-30,2026-09-01
TRD-00072,US10Y,Bond,CITI,5000,97.5818,487909.0,2026-08-08,2026-08-10
TRD-00073,US10Y,Bond,UBS,5000,98.3384,491692.0,2026-08-10,2026-08-12
TRD-00074,EURUSD,FX,JPMORGAN,100,1.077,107.7,2026-08-15,2026-08-17
TRD-00075,GS-CDS-5Y,Derivative,JPMORGAN,100,104.1357,10413.57,2026-08-18,2026-08-20
TRD-00076,MSFT,Equity,CITI,250,421.3992,105349.8,2026-08-29,2026-08-31
TRD-00077,AAPL,Equity,CITI,500,192.3749,96187.45,2026-08-06,2026-08-08
TRD-00078,EURUSD,FX,CITI,5000,1.0995,5497.5,2026-08-20,2026-08-22
TRD-00079,XAUUSD,Commodity,UBS,100,2394.6585,239465.85,2026-08-27,2026-08-29
TRD-00080,GS-CDS-5Y,Derivative,JPMORGAN,5000,101.2807,506403.5,2026-08-31,2026-09-02
TRD-00081,MSFT,Equity,UBS,100,417.3308,41733.08,2026-08-18,2026-08-20
TRD-00082,MSFT,Equity,MORGAN STANLEY,2500,417.4636,1043659.0,2026-08-23,2026-08-25
TRD-00083,US10Y,Bond,CITI,5000,97.5792,487896.0,2026-08-17,2026-08-19
TRD-00084,EURUSD,FX,JPMORGAN,100,1.0742,107.42,2026-08-21,2026-08-23
TRD-00085,EURUSD,FX,JPMORGAN,100,1.0993,109.93,2026-08-11,2026-08-13
TRD-00086,XAUUSD,Commodity,MORGAN STANLEY,500,2344.854,1172427.0,2026-08-24,2026-08-26
TRD-00087,EURUSD,FX,DEUTSCHE BANK,1000,1.0872,1087.2,2026-08-01,2026-08-03
TRD-00088,AAPL,Equity,MORGAN STANLEY,5000,186.2803,931401.5,2026-08-18,2026-08-20
TRD-00089,AAPL,Equity,DEUTSCHE BANK,2500,192.0362,480090.5,2026-08-05,2026-08-07
TRD-00090,EURUSD,FX,CITI,500,1.0688,534.4,2026-08-29,2026-08-31
TRD-00091,XAUUSD,Commodity,CITI,100,2424.9531,242495.31,2026-08-07,2026-08-09
TRD-00092,TSLA,Equity,CITI,100,246.4063,24640.63,2026-08-25,2026-08-27
TRD-00093,GS-CDS-5Y,Derivative,DEUTSCHE BANK,1000,103.6688,103668.8,2026-08-24,2026-08-26
TRD-00094,MSFT,Equity,MORGAN STANLEY,250,428.475,107118.75,2026-08-26,2026-08-28
TRD-00095,XAUUSD,Commodity,JPMORGAN,1000,2349.2554,2349255.4,2026-08-06,2026-08-08
TRD-00096,TSLA,Equity,UBS,1000,253.1262,253126.2,2026-08-28,2026-08-30
TRD-00097,TSLA,Equity,MORGAN STANLEY,500,251.9938,125996.9,2026-08-26,2026-08-28
TRD-00098,TSLA,Equity,BARCLAYS,100,244.9982,24499.82,2026-08-08,2026-08-10
TRD-00099,MSFT,Equity,CITI,1000,426.6351,426635.1,2026-08-10,2026-08-12
TRD-00100,XAUUSD,Commodity,MORGAN STANLEY,250,2408.1169,602029.22,2026-08-01,2026-08-03
TRD-00101,TSLA,Equity,CITI,500,245.8448,122922.4,2026-08-28,2026-08-30
TRD-00102,AAPL,Equity,CITI,500,193.039,96519.5,2026-08-21,2026-08-23
TRD-00103,GS-CDS-5Y,Derivative,CITI,2500,101.6903,254225.75,2026-08-31,2026-09-02
TRD-00104,AAPL,Equity,MORGAN STANLEY,500,186.5843,93292.15,2026-08-19,2026-08-21
TRD-00105,US10Y,Bond,BARCLAYS,2500,96.9261,242315.25,2026-08-12,2026-08-14
TRD-00106,TSLA,Equity,DEUTSCHE BANK,1000,251.7517,251751.7,2026-08-17,2026-08-19
TRD-00107,AAPL,Equity,MORGAN STANLEY,2500,188.6298,471574.5,2026-08-09,2026-08-11
TRD-00108,AAPL,Equity,DEUTSCHE BANK,100,191.0826,19108.26,2026-08-30,2026-09-01
TRD-00109,XAUUSD,Commodity,UBS,5000,2383.6606,11918303.0,2026-08-24,2026-08-26
TRD-00110,TSLA,Equity,JPMORGAN,1000,245.8837,245883.7,2026-08-31,2026-09-02
TRD-00111,TSLA,Equity,CITI,2500,253.0892,632723.0,2026-08-22,2026-08-24
TRD-00112,XAUUSD,Commodity,DEUTSCHE BANK,500,2344.2643,1172132.15,2026-08-10,2026-08-12
TRD-00113,TSLA,Equity,UBS,1000,247.988,247988.0,2026-08-10,2026-08-12
TRD-00114,GS-CDS-5Y,Derivative,UBS,1000,100.5778,100577.8,2026-08-31,2026-09-02
TRD-00115,EURUSD,FX,DEUTSCHE BANK,250,1.0927,273.18,2026-08-19,2026-08-21
TRD-00116,US10Y,Bond,CITI,100,98.379,9837.9,2026-08-10,2026-08-12
TRD-00117,MSFT,Equity,DEUTSCHE BANK,2500,420.1185,1050296.25,2026-08-21,2026-08-23
TRD-00118,US10Y,Bond,UBS,1000,98.6117,98611.7,2026-08-07,2026-08-09
TRD-00119,GS-CDS-5Y,Derivative,MORGAN STANLEY,5000,101.9905,509952.5,2026-08-22,2026-08-24
TRD-00120,AAPL,Equity,UBS,5000,187.8611,939305.5,2026-08-20,2026-08-22
TRD-00121,US10Y,Bond,UBS,250,97.1439,24285.98,2026-08-10,2026-08-12
TRD-00122,MSFT,Equity,JPMORGAN,250,426.4662,106616.55,2026-08-02,2026-08-04
TRD-00123,MSFT,Equity,JPMORGAN,2500,429.4553,1073638.25,2026-08-15,2026-08-17
TRD-00124,EURUSD,FX,MORGAN STANLEY,2500,1.1018,2754.5,2026-08-23,2026-08-25
TRD-00125,TSLA,Equity,MORGAN STANLEY,1000,247.7449,247744.9,2026-08-05,2026-08-07
TRD-00126,TSLA,Equity,BARCLAYS,100,250.768,25076.8,2026-08-08,2026-08-10
TRD-00127,MSFT,Equity,DEUTSCHE BANK,5000,426.4249,2132124.5,2026-08-15,2026-08-17
TRD-00128,AAPL,Equity,BARCLAYS,100,189.9351,18993.51,2026-08-05,2026-08-07
TRD-00129,XAUUSD,Commodity,DEUTSCHE BANK,2500,2376.634,5941585.0,2026-08-20,2026-08-22
TRD-00130,US10Y,Bond,DEUTSCHE BANK,1000,100.5277,100527.7,2026-08-27,2026-08-29
TRD-00131,TSLA,Equity,DEUTSCHE BANK,1000,252.803,252803.0,2026-08-15,2026-08-17
TRD-00132,MSFT,Equity,BARCLAYS,1000,425.4061,425406.1,2026-08-09,2026-08-11
TRD-00133,XAUUSD,Commodity,CITI,5000,2355.9372,11779686.0,2026-08-25,2026-08-27
TRD-00134,XAUUSD,Commodity,MORGAN STANLEY,5000,2382.0277,11910138.5,2026-08-09,2026-08-11
TRD-00135,EURUSD,FX,MORGAN STANLEY,500,1.0667,533.35,2026-08-09,2026-08-11
TRD-00136,US10Y,Bond,JPMORGAN,2500,98.0379,245094.75,2026-08-05,2026-08-07
TRD-00137,MSFT,Equity,MORGAN STANLEY,5000,416.7712,2083856.0,2026-08-23,2026-08-25
TRD-00138,MSFT,Equity,CITI,1000,413.9564,413956.4,2026-08-18,2026-08-20
TRD-00139,EURUSD,FX,BARCLAYS,250,1.0813,270.32,2026-08-13,2026-08-15
TRD-00140,XAUUSD,Commodity,JPMORGAN,5000,2388.0044,11940022.0,2026-08-28,2026-08-30
TRD-00141,XAUUSD,Commodity,JPMORGAN,1000,2387.2057,2387205.7,2026-08-31,2026-09-02
TRD-00142,US10Y,Bond,BARCLAYS,1000,97.9545,97954.5,2026-08-18,2026-08-20
TRD-00143,TSLA,Equity,MORGAN STANLEY,2500,251.236,628090.0,2026-08-16,2026-08-18
TRD-00144,MSFT,Equity,JPMORGAN,1000,417.4735,417473.5,2026-08-13,2026-08-15
TRD-00145,US10Y,Bond,UBS,1000,99.4171,99417.1,2026-08-06,2026-08-08
TRD-00146,XAUUSD,Commodity,DEUTSCHE BANK,250,2376.8955,594223.88,2026-08-18,2026-08-20
TRD-00147,AAPL,Equity,DEUTSCHE BANK,2500,192.5845,481461.25,2026-08-22,2026-08-24
TRD-00148,AAPL,Equity,MORGAN STANLEY,1000,186.3463,186346.3,2026-08-28,2026-08-30
TRD-00149,EURUSD,FX,BARCLAYS,500,1.0712,535.6,2026-08-11,2026-08-13
TRD-00150,MSFT,Equity,BARCLAYS,500,420.5366,210268.3,2026-08-09,2026-08-11
TRD-00151,XAUUSD,Commodity,CITI,1000,2422.9546,2422954.6,2026-08-27,2026-08-29
TRD-00152,AAPL,Equity,DEUTSCHE BANK,5000,189.2749,946374.5,2026-08-02,2026-08-04
TRD-00153,US10Y,Bond,UBS,100,97.6607,9766.07,2026-08-02,2026-08-04
TRD-00154,XAUUSD,Commodity,MORGAN STANLEY,250,2335.3541,583838.53,2026-08-27,2026-08-29
TRD-00155,AAPL,Equity,MORGAN STANLEY,250,190.4197,47604.93,2026-08-16,2026-08-18
TRD-00156,TSLA,Equity,BARCLAYS,250,245.0609,61265.22,2026-08-23,2026-08-25
TRD-00157,US10Y,Bond,DEUTSCHE BANK,250,99.8042,24951.05,2026-08-20,2026-08-22
TRD-00158,TSLA,Equity,CITI,250,251.074,62768.5,2026-08-04,2026-08-06
TRD-00159,GS-CDS-5Y,Derivative,DEUTSCHE BANK,500,100.1629,50081.45,2026-08-22,2026-08-24
TRD-00160,EURUSD,FX,MORGAN STANLEY,5000,1.0805,5402.5,2026-08-03,2026-08-05
TRD-00161,GS-CDS-5Y,Derivative,MORGAN STANLEY,5000,102.8785,514392.5,2026-08-04,2026-08-06
TRD-00162,TSLA,Equity,DEUTSCHE BANK,5000,251.6128,1258064.0,2026-08-26,2026-08-28
TRD-00163,AAPL,Equity,JPMORGAN,2500,191.7454,479363.5,2026-08-12,2026-08-14
TRD-00164,GS-CDS-5Y,Derivative,JPMORGAN,500,101.8075,50903.75,2026-08-17,2026-08-19
TRD-00165,TSLA,Equity,BARCLAYS,1000,247.3193,247319.3,2026-08-04,2026-08-06
TRD-00166,EURUSD,FX,BARCLAYS,5000,1.105,5525.0,2026-08-23,2026-08-25
TRD-00167,MSFT,Equity,DEUTSCHE BANK,5000,420.2128,2101064.0,2026-08-31,2026-09-02
TRD-00168,TSLA,Equity,BARCLAYS,2500,246.6109,616527.25,2026-08-15,2026-08-17
TRD-00169,EURUSD,FX,CITI,2500,1.0991,2747.75,2026-08-11,2026-08-13
TRD-00170,XAUUSD,Commodity,CITI,100,2355.7711,235577.11,2026-08-29,2026-08-31
TRD-00171,EURUSD,FX,DEUTSCHE BANK,1000,1.0739,1073.9,2026-08-20,2026-08-22
TRD-00172,TSLA,Equity,BARCLAYS,100,247.6952,24769.52,2026-08-28,2026-08-30
TRD-00173,US10Y,Bond,CITI,250,97.4933,24373.33,2026-08-26,2026-08-28
TRD-00174,US10Y,Bond,UBS,2500,98.1193,245298.25,2026-08-29,2026-08-31
TRD-00175,US10Y,Bond,MORGAN STANLEY,2500,98.9704,247426.0,2026-08-03,2026-08-05
TRD-00176,MSFT,Equity,DEUTSCHE BANK,1000,425.0087,425008.7,2026-08-25,2026-08-27
TRD-00177,MSFT,Equity,UBS,5000,424.5121,2122560.5,2026-08-16,2026-08-18
TRD-00178,EURUSD,FX,CITI,100,1.0977,109.77,2026-08-08,2026-08-10
TRD-00179,EURUSD,FX,UBS,500,1.0933,546.65,2026-08-19,2026-08-21
TRD-00180,US10Y,Bond,CITI,2500,98.6444,246611.0,2026-08-14,2026-08-16
TRD-00181,TSLA,Equity,UBS,500,249.4017,124700.85,2026-08-15,2026-08-17
TRD-00182,US10Y,Bond,JPMORGAN,250,97.9862,24496.55,2026-08-24,2026-08-26
TRD-00183,MSFT,Equity,DEUTSCHE BANK,5000,418.1916,2090958.0,2026-08-31,2026-09-02
TRD-00184,XAUUSD,Commodity,MORGAN STANLEY,250,2398.1036,599525.9,2026-08-24,2026-08-26
TRD-00185,EURUSD,FX,DEUTSCHE BANK,2500,1.0753,2688.25,2026-08-20,2026-08-22
TRD-00186,US10Y,Bond,CITI,250,100.648,25162.0,2026-08-08,2026-08-10
TRD-00187,US10Y,Bond,UBS,100,97.4838,9748.38,2026-08-18,2026-08-20
TRD-00188,MSFT,Equity,DEUTSCHE BANK,100,417.4967,41749.67,2026-08-10,2026-08-12
TRD-00189,TSLA,Equity,BARCLAYS,5000,253.3214,1266607.0,2026-08-04,2026-08-06
TRD-00190,XAUUSD,Commodity,BARCLAYS,500,2333.5677,1166783.85,2026-08-16,2026-08-18
TRD-00191,EURUSD,FX,CITI,100,1.0781,107.81,2026-08-31,2026-09-02
TRD-00192,XAUUSD,Commodity,BARCLAYS,100,2377.8798,237787.98,2026-08-16,2026-08-18
TRD-00193,AAPL,Equity,JPMORGAN,5000,190.0838,950419.0,2026-08-05,2026-08-07
TRD-00194,MSFT,Equity,JPMORGAN,500,426.5434,213271.7,2026-08-08,2026-08-10
TRD-00195,AAPL,Equity,DEUTSCHE BANK,1000,189.9402,189940.2,2026-08-20,2026-08-22
TRD-00196,XAUUSD,Commodity,BARCLAYS,2500,2391.2734,5978183.5,2026-08-15,2026-08-17
TRD-00197,EURUSD,FX,BARCLAYS,2500,1.0762,2690.5,2026-08-10,2026-08-12
TRD-00198,GS-CDS-5Y,Derivative,UBS,2500,102.5943,256485.75,2026-08-04,2026-08-06
TRD-00199,XAUUSD,Commodity,CITI,250,2352.1814,588045.35,2026-08-22,2026-08-24
TRD-00200,AAPL,Equity,DEUTSCHE BANK,250,186.9005,46725.12,2026-08-03,2026-08-05
TRD-00201,MSFT,Equity,UBS,1000,412.9191,412919.1,2026-08-20,2026-08-22
TRD-00202,EURUSD,FX,CITI,250,1.0759,268.98,2026-08-23,2026-08-25
TRD-00203,US10Y,Bond,JPMORGAN,1000,99.5518,99551.8,2026-08-22,2026-08-24
TRD-00204,MSFT,Equity,DEUTSCHE BANK,5000,428.4437,2142218.5,2026-08-22,2026-08-24
TRD-00205,XAUUSD,Commodity,JPMORGAN,1000,2421.2852,2421285.2,2026-08-18,2026-08-20
TRD-00206,MSFT,Equity,MORGAN STANLEY,500,423.7879,211893.95,2026-08-03,2026-08-05
TRD-00207,AAPL,Equity,DEUTSCHE BANK,500,186.9677,93483.85,2026-08-24,2026-08-26
TRD-00208,XAUUSD,Commodity,BARCLAYS,500,2386.5885,1193294.25,2026-08-04,2026-08-06
TRD-00209,EURUSD,FX,BARCLAYS,5000,1.0932,5466.0,2026-08-31,2026-09-02
TRD-00210,US10Y,Bond,BARCLAYS,1000,98.7519,98751.9,2026-08-03,2026-08-05
TRD-00211,GS-CDS-5Y,Derivative,UBS,1000,100.2208,100220.8,2026-08-11,2026-08-13
TRD-00212,GS-CDS-5Y,Derivative,MORGAN STANLEY,100,101.0805,10108.05,2026-08-31,2026-09-02
TRD-00213,TSLA,Equity,DEUTSCHE BANK,2500,252.2448,630612.0,2026-08-31,2026-09-02
TRD-00214,AAPL,Equity,CITI,5000,193.2868,966434.0,2026-08-19,2026-08-21
TRD-00215,AAPL,Equity,BARCLAYS,250,191.4944,47873.6,2026-08-17,2026-08-19
TRD-00216,TSLA,Equity,MORGAN STANLEY,500,248.3248,124162.4,2026-08-19,2026-08-21
TRD-00217,EURUSD,FX,JPMORGAN,1000,1.0908,1090.8,2026-08-16,2026-08-18
TRD-00218,US10Y,Bond,UBS,500,98.388,49194.0,2026-08-04,2026-08-06
TRD-00219,XAUUSD,Commodity,UBS,1000,2347.7105,2347710.5,2026-08-16,2026-08-18
TRD-00220,US10Y,Bond,DEUTSCHE BANK,1000,99.3922,99392.2,2026-08-02,2026-08-04
TRD-00221,EURUSD,FX,CITI,500,1.0671,533.55,2026-08-04,2026-08-06
TRD-00222,XAUUSD,Commodity,JPMORGAN,2500,2370.8775,5927193.75,2026-08-22,2026-08-24
TRD-00223,XAUUSD,Commodity,JPMORGAN,1000,2384.0549,2384054.9,2026-08-07,2026-08-09
TRD-00224,GS-CDS-5Y,Derivative,UBS,1000,101.5355,101535.5,2026-08-15,2026-08-17
TRD-00225,XAUUSD,Commodity,DEUTSCHE BANK,500,2337.3134,1168656.7,2026-08-05,2026-08-07
TRD-00226,US10Y,Bond,BARCLAYS,5000,98.5056,492528.0,2026-08-04,2026-08-06
TRD-00227,AAPL,Equity,MORGAN STANLEY,2500,193.0865,482716.25,2026-08-23,2026-08-25
TRD-00228,MSFT,Equity,DEUTSCHE BANK,100,418.1108,41811.08,2026-08-14,2026-08-16
TRD-00229,AAPL,Equity,BARCLAYS,100,187.4132,18741.32,2026-08-31,2026-09-02
TRD-00230,AAPL,Equity,BARCLAYS,250,190.6196,47654.9,2026-08-30,2026-09-01
TRD-00231,TSLA,Equity,CITI,5000,246.8278,1234139.0,2026-08-14,2026-08-16
TRD-00232,XAUUSD,Commodity,MORGAN STANLEY,1000,2378.334,2378334.0,2026-08-15,2026-08-17
TRD-00233,GS-CDS-5Y,Derivative,DEUTSCHE BANK,250,100.6487,25162.18,2026-08-17,2026-08-19
TRD-00234,TSLA,Equity,CITI,100,252.6766,25267.66,2026-08-25,2026-08-27
TRD-00235,XAUUSD,Commodity,DEUTSCHE BANK,500,2413.7401,1206870.05,2026-08-09,2026-08-11
TRD-00236,XAUUSD,Commodity,CITI,5000,2332.6442,11663221.0,2026-08-27,2026-08-29
TRD-00237,GS-CDS-5Y,Derivative,BARCLAYS,5000,102.4264,512132.0,2026-08-28,2026-08-30
TRD-00238,MSFT,Equity,CITI,1000,420.3992,420399.2,2026-08-11,2026-08-13
TRD-00239,GS-CDS-5Y,Derivative,BARCLAYS,1000,103.1736,103173.6,2026-08-30,2026-09-01
TRD-00240,US10Y,Bond,MORGAN STANLEY,5000,100.2099,501049.5,2026-08-19,2026-08-21
TRD-00241,EURUSD,FX,JPMORGAN,1000,1.0734,1073.4,2026-08-11,2026-08-13
TRD-00242,TSLA,Equity,BARCLAYS,1000,248.631,248631.0,2026-08-22,2026-08-24
TRD-00243,XAUUSD,Commodity,BARCLAYS,250,2410.5352,602633.8,2026-08-31,2026-09-02
TRD-00244,AAPL,Equity,CITI,2500,186.6669,466667.25,2026-08-28,2026-08-30
TRD-00245,AAPL,Equity,JPMORGAN,1000,192.3364,192336.4,2026-08-17,2026-08-19
TRD-00246,EURUSD,FX,BARCLAYS,250,1.064,266.0,2026-08-28,2026-08-30
TRD-00247,TSLA,Equity,BARCLAYS,100,253.5789,25357.89,2026-08-26,2026-08-28
TRD-00248,US10Y,Bond,BARCLAYS,5000,98.1123,490561.5,2026-08-21,2026-08-23
TRD-00249,AAPL,Equity,DEUTSCHE BANK,5000,192.1664,960832.0,2026-08-13,2026-08-15
TRD-00250,US10Y,Bond,DEUTSCHE BANK,1000,99.2509,99250.9,2026-08-02,2026-08-04
TRD-00251,GS-CDS-5Y,Derivative,UBS,5000,100.3374,501687.0,2026-08-30,2026-09-01
TRD-00252,US10Y,Bond,JPMORGAN,5000,100.7148,503574.0,2026-08-14,2026-08-16
TRD-00253,AAPL,Equity,JPMORGAN,5000,191.4736,957368.0,2026-08-15,2026-08-17
TRD-00254,MSFT,Equity,JPMORGAN,100,424.5693,42456.93,2026-08-11,2026-08-13
TRD-00255,XAUUSD,Commodity,CITI,500,2337.7426,1168871.3,2026-08-14,2026-08-16
TRD-00256,MSFT,Equity,DEUTSCHE BANK,1000,416.9892,416989.2,2026-08-22,2026-08-24
TRD-00257,XAUUSD,Commodity,JPMORGAN,250,2349.5414,587385.35,2026-08-20,2026-08-22
TRD-00258,XAUUSD,Commodity,MORGAN STANLEY,5000,2368.8182,11844091.0,2026-08-16,2026-08-18
TRD-00259,GS-CDS-5Y,Derivative,UBS,1000,100.6425,100642.5,2026-08-09,2026-08-11
TRD-00260,EURUSD,FX,BARCLAYS,100,1.0744,107.44,2026-08-29,2026-08-31
TRD-00261,US10Y,Bond,JPMORGAN,250,99.4516,24862.9,2026-08-15,2026-08-17
TRD-00262,US10Y,Bond,UBS,500,100.6762,50338.1,2026-08-31,2026-09-02
TRD-00263,EURUSD,FX,CITI,1000,1.0933,1093.3,2026-08-07,2026-08-09
TRD-00264,EURUSD,FX,MORGAN STANLEY,100,1.1003,110.03,2026-08-13,2026-08-15
TRD-00265,GS-CDS-5Y,Derivative,UBS,500,101.524,50762.0,2026-08-10,2026-08-12
TRD-00266,AAPL,Equity,BARCLAYS,5000,193.1228,965614.0,2026-08-09,2026-08-11
TRD-00267,AAPL,Equity,UBS,5000,189.9997,949998.5,2026-08-02,2026-08-04
TRD-00268,GS-CDS-5Y,Derivative,MORGAN STANLEY,500,103.1013,51550.65,2026-08-20,2026-08-22
TRD-00269,XAUUSD,Commodity,MORGAN STANLEY,5000,2365.941,11829705.0,2026-08-20,2026-08-22
TRD-00270,US10Y,Bond,UBS,5000,99.4522,497261.0,2026-08-22,2026-08-24
TRD-00271,XAUUSD,Commodity,UBS,100,2345.4214,234542.14,2026-08-21,2026-08-23
TRD-00272,AAPL,Equity,JPMORGAN,1000,188.0517,188051.7,2026-08-19,2026-08-21
TRD-00273,US10Y,Bond,CITI,100,99.6678,9966.78,2026-08-11,2026-08-13
TRD-00274,TSLA,Equity,MORGAN STANLEY,250,248.0587,62014.67,2026-08-26,2026-08-28
TRD-00275,GS-CDS-5Y,Derivative,DEUTSCHE BANK,500,103.6375,51818.75,2026-08-17,2026-08-19
TRD-00276,US10Y,Bond,BARCLAYS,500,100.0554,50027.7,2026-08-31,2026-09-02
TRD-00277,XAUUSD,Commodity,JPMORGAN,500,2360.4975,1180248.75,2026-08-15,2026-08-17
TRD-00278,AAPL,Equity,UBS,250,186.7769,46694.23,2026-08-24,2026-08-26
TRD-00279,TSLA,Equity,CITI,2500,253.6783,634195.75,2026-08-03,2026-08-05
TRD-00280,XAUUSD,Commodity,DEUTSCHE BANK,500,2369.9635,1184981.75,2026-08-04,2026-08-06
TRD-00281,EURUSD,FX,UBS,5000,1.0793,5396.5,2026-08-09,2026-08-11
TRD-00282,GS-CDS-5Y,Derivative,CITI,5000,101.6141,508070.5,2026-08-04,2026-08-06
TRD-00283,TSLA,Equity,DEUTSCHE BANK,100,246.2499,24624.99,2026-08-29,2026-08-31
TRD-00284,GS-CDS-5Y,Derivative,MORGAN STANLEY,2500,101.3976,253494.0,2026-08-21,2026-08-23
TRD-00285,AAPL,Equity,UBS,1000,190.5264,190526.4,2026-08-10,2026-08-12
TRD-00286,TSLA,Equity,JPMORGAN,250,247.987,61996.75,2026-08-31,2026-09-02
TRD-00287,AAPL,Equity,JPMORGAN,1000,188.0171,188017.1,2026-08-04,2026-08-06
TRD-00288,MSFT,Equity,BARCLAYS,250,427.8261,106956.52,2026-08-15,2026-08-17
TRD-00289,US10Y,Bond,UBS,5000,99.4234,497117.0,2026-08-31,2026-09-02
TRD-00290,GS-CDS-5Y,Derivative,UBS,5000,101.7697,508848.5,2026-08-05,2026-08-07
TRD-00291,EURUSD,FX,DEUTSCHE BANK,1000,1.0917,1091.7,2026-08-14,2026-08-16
TRD-00292,US10Y,Bond,MORGAN STANLEY,500,96.9042,48452.1,2026-08-15,2026-08-17
TRD-00293,EURUSD,FX,JPMORGAN,500,1.1046,552.3,2026-08-22,2026-08-24
TRD-00294,US10Y,Bond,CITI,5000,98.9256,494628.0,2026-08-02,2026-08-04
TRD-00295,EURUSD,FX,BARCLAYS,100,1.0753,107.53,2026-08-03,2026-08-05
TRD-00296,TSLA,Equity,DEUTSCHE BANK,5000,246.0337,1230168.5,2026-08-01,2026-08-03
TRD-00297,AAPL,Equity,MORGAN STANLEY,250,191.6739,47918.47,2026-08-26,2026-08-28
TRD-00298,GS-CDS-5Y,Derivative,MORGAN STANLEY,2500,100.8961,252240.25,2026-08-19,2026-08-21
TRD-00299,MSFT,Equity,CITI,250,426.5756,106643.9,2026-08-25,2026-08-27
TRD-00300,MSFT,Equity,JPMORGAN,2500,426.1642,1065410.5,2026-08-09,2026-08-11
